Number;Start time in milliseconds;End time in milliseconds;"Text"
1;9538;12373;"<i>( Gate rumbling, chains rattling )</i>"
2;41439;43741;"( Horse snorts )"
3;55855;58590;"<i>( Rumbling, chain rattling )</i>"
4;74808;77243;"( Horse whickers )"
5;103037;105505;"<i>( Wind whispering )</i>"
6;115418;118420;"- ( Nickers )
- Easy, boy."
7;175047;176881;"<i>( Gasps</i>"
8;179885;182052;"( whinnies )"
9;191162;193331;"Man:
<i>What do you expect?</i>
<i>They're savages.</i>"
10;193365;195700;"One lot steals a goat
from another lot,"
11;195734;198737;"before you know it they're ripping
each other to pieces."
12;198771;200939;"I've never seen wildlings
do a thing like this."
13;200974;203275;"I never seen a thing like this,
not ever in my life."
14;203310;206179;"- ( Horse snorts )
- How close did you get?"
15;206213;209148;"- Close as any man would.
- We should head back to the wall."
16;211685;213319;"Do the dead frighten you?"
17;213353;215788;"Our orders were
to track the wildlings."
18;215822;218657;"We tracked them.
They won't trouble us no more."
19;218691;221360;"You don't think
he'll ask us how they died?"
20;223296;225297;"Get back on your horse."
21;225331;227398;"( Huffs )"
22;227433;229100;"( Mutters )"
23;230269;232170;"Whatever did it to them
could do it to us."
24;232205;234172;"They even killed
the children."
25;234207;237276;"It's a good thing
we're not children."
26;238778;241380;"You want to run away south,
run away."
27;241415;244317;"Of course they will
behead you as a deserter,"
28;244351;246720;"if I don't
catch you first."
29;248990;251258;"Get back on your horse."
30;251292;253260;"I won't say it again."
31;271413;273714;"<i>( Echoing animal call )</i>"
32;284825;287360;"Your dead men seem
to have moved camp."
33;287395;289929;"They were here."
34;293201;295569;"See where they went."
35;310686;313019;"<i>( Echoing calls )</i>"
36;341050;343218;"What is it?"
37;343253;345721;"It's..."
38;346723;348658;"( Crackles )"
39;350861;353095;"<i>( Distant scream )</i>"
40;353130;355397;"<i>( Horses neighing )</i>"
41;355432;357265;"<i>( Hoofbeats )</i>"
42;385793;388727;"<i>( Crackling, snarling )</i>"
43;388762;391130;"<i>( Chittering noises )</i>"
44;399272;401373;"( Coughing )"
45;405078;407146;"( Panting )"
46;407180;409048;"( Wheezing )"
47;410050;412017;"<i>( Hissing breath )</i>"
48;414387;416955;"( Gasps )"
49;419759;422494;"<i>( Crackling )</i>"
50;427835;430870;"<i>( Crackling )</i>"
51;430904;433239;"<i>( Chittering )</i>"
52;435742;437944;"<i>( Theme music playing )</i>"
53;437969;441969;"<font color=#00FF00>♪ Game of Thrones 1x01 ♪</font>
<font color=#00FFFF>Winter Is Coming</font>
Original Air Date on April 17, 2011"
54;441994;445994;"== sync, corrected by <font color="#00ff00">elderman</font> =="
55;540147;542214;"( Hoofbeats )"
56;582556;584089;"( Stomps )"
57;588161;591230;"Go on, father's watching."
58;593267;595168;"<i>And your mother.</i>"
59;601176;604546;"Fine work as always.
Well done."
60;604580;606415;"Thank you."
61;606449;610418;"I love the detail that you've managed
to get in these corners."
62;610453;612387;"<i>Quite beautiful.</i>"
63;612422;614455;"The stitching..."
64;616792;619160;"<i>( Arrows thunk, laughter )</i>"
65;633244;635445;"- ( Sighs )
- ( Laughing )"
66;635479;638282;"And which one of you
was a marksman at 10?"
67;639251;640818;"Keep practicing, Bran."
68;642888;644922;"Go on."
69;644957;647825;"Don't think
too much, Bran."
70;649294;651361;"Relax your bow arm."
71;661305;663139;"( Men laugh )"
72;663173;665974;"Quick, Bran!
Faster."
73;667477;669545;"Lord Stark!"
74;670580;672581;"My lady."
75;673750;675784;"A guardsman just
rode in from the hills."
76;675819;678820;"They've captured a deserter
from The Night's Watch."
77;682124;684493;"Get the lads to saddle
their horses."
78;684527;686561;"Do you have to?"
79;686595;688929;"He swore an oath, Cat."
80;688964;690931;"The law is law,
my lady."
81;692100;693934;"Tell Bran he's coming too."
82;695736;697403;"Ned."
83;697438;699772;"10 is too young
to see such things."
84;699806;701573;"He won't be a boy forever."
85;703476;705810;"And winter is coming."
86;724199;727801;"Lad, go run back
and get the rest."
87;732374;734241;"( Muttering )
White Walkers."
88;734275;737010;"I saw the White Walkers."
89;737045;738979;"White Walkers."
90;739013;742081;"The White Walkers,
I saw them."
91;742115;745384;"( Pants )"
92;750924;752759;"I know I broke my oath."
93;754028;755862;"And I know
I'm a deserter."
94;755896;759599;"I should have gone back to the wall
and warned them, but--"
95;759633;761801;"I saw what I saw."
96;761836;763836;"I saw the White Walkers."
97;765639;767574;"<i>People need to know.</i>"
98;769710;771578;"If you can get word
to my family..."
99;771612;774014;"<i>Tell them I'm no coward.</i>"
100;774048;776183;"<i>Tell them I'm sorry.</i>"
101;793000;794768;"( Whispers )
Forgive me, Lord."
102;798672;801474;"In the name of Robert
of the House Baratheon,"
103;801508;803409;"- the first of his name...
- Don't look away."
104;803443;805183;"<i>...King of the Andals</i>
<i>and the first men...</i>"
105;805184;806322;"Father will know if you do."
106;806347;809882;"<i>...Lord of the Seven Kingdoms</i>
<i>and protector of the realm,</i>"
107;809917;812652;"I, Eddard of the House Stark,"
108;812687;815556;"Lord of Winterfell
and warden of the north,"
109;815590;818125;"sentence you to die."
110;832574;835041;"You did well."
111;862236;864170;"You understand
why I did it?"
112;864204;866172;"Jon said
he was a deserter."
113;866206;868874;"But do you understand
why <i>i</i> had to kill him?"
114;868909;870676;""Our way is the old way"?"
115;872278;874246;"The man who passes
the sentence"
116;874280;876014;"should swing the sword."
117;877083;879418;"Is it true he saw
the White Walkers?"
118;881220;884290;"The White Walkers have been
gone for thousands of years."
119;884324;887127;"So he was lying?"
120;891066;893868;"A madman sees what he sees."
121;919628;921796;"What is it?"
122;923565;926234;"Mountain lion?"
123;927536;929538;"There are no Mountain lions
in these woods."
124;956735;959069;"( Pup whines )"
125;960272;962906;"( Yips )"
126;975522;977523;"It's a freak!"
127;978425;981160;"It's a direwolf."
128;989003;991737;"Tough old beast."
129;993173;995941;"There are no direwolves
south of the wall."
130;995975;998109;"Now there are five."
131;998144;1000812;"You want to hold it?"
132;1002814;1004982;"( Pup whimpers )"
133;1005017;1007518;"Bran:
Where will they go?"
134;1007553;1009354;"Their mother's dead."
135;1009388;1011023;"They don't belong
down here."
136;1011057;1012991;"Better
a quick death."
137;1013025;1014893;"They won't last
without their mother."
138;1014927;1017095;"- Right. Give it here.
- No!"
139;1017130;1018863;"- ( Whimpers )
- Put away your blade."
140;1018897;1021032;"I take orders
from your father, not you."
141;1021067;1023868;"- Please, father!
- I'm sorry, Bran."
142;1023903;1025771;"Lord Stark?"
143;1025805;1028273;"There are
five pups..."
144;1029742;1031609;"one for each
of the Stark children."
145;1031644;1034446;"- <i>( Pup cries )</i>
- The direwolf is the sigil of your House."
146;1035814;1038016;"They were meant
to have them."
147;1042955;1045390;"You will train them
yourselves."
148;1045424;1047392;"You will
feed them yourselves."
149;1047426;1050462;"And if they die,
you will bury them yourselves."
150;1058670;1060805;"What about you?"
151;1061707;1063308;"I'm not a Stark."
152;1063342;1065543;"Get on."
153;1072452;1074586;"<i>( Whimpers )</i>"
154;1074620;1077022;"What is it?"
155;1080826;1084796;"The runt of the litter--
that one's yours, snow."
156;1093606;1096475;"<i>( Bells tolling )</i>"
157;1144654;1148090;"As your brother,
I feel it's my duty to warn you:"
158;1149359;1151393;"You worry too much."
159;1151428;1154763;"- It's starting to show.
- And you never worry about anything."
160;1156466;1160036;"<i>When we were seven</i>
<i>and you jumped off</i>
<i>the cliffs at Casterly Rock,</i>"
161;1160070;1162405;"100-foot drop into the water,"
162;1162439;1164507;"and you were never afraid."
163;1164542;1167243;"There was nothing to be afraid of
until you told father."
164;1167277;1169144;"( Whispers, mimicking )
"We're lannisters."
165;1169178;1171646;"Lannisters
don't act like fools.""
166;1173316;1175583;"<i>What if Jon Arryn</i>
<i>told someone?</i>"
167;1175618;1177918;"But who would he tell?"
168;1177953;1181088;"- My husband.
- If he told the King, both our heads"
169;1181123;1183323;"would be skewered
on the city gates by now."
170;1184859;1187862;"Whatever Jon Arryn
knew or didn't know, it died with him."
171;1187896;1191699;"And Robert will choose a new
Hand of the King-- someone to do his job"
172;1191733;1194635;"while he's off fucking boars
and hunting whores--"
173;1194670;1197638;"or is it
the other way around?"
174;1197673;1200074;"And life will go on."
175;1200108;1202677;"You should be
The Hand of the King."
176;1202711;1205546;"That's an honor
I can do without."
177;1205581;1207715;"Their days are too long,"
178;1207749;1210017;"their lives are too short."
179;1213721;1216389;"<i>( Thunder rumbles )</i>"
180;1221595;1222928;"( Caws )"
181;1237145;1239780;"<i>( Birds chirping )</i>"
182;1248324;1249991;"All these years"
183;1250026;1251693;"and I still feel
like an outsider"
184;1251727;1253962;"when I come here."
185;1253997;1256532;"You have five
northern children."
186;1256566;1259801;"You're not an outsider."
187;1259836;1262771;"I wonder
if the old gods agree."
188;1263873;1266775;"It's your gods
with all the rules."
189;1271916;1274851;"I am so sorry, my love."
190;1276254;1279790;"- Tell me.
- There was a raven from King's Landing."
191;1281660;1283361;"Jon Arryn is dead."
192;1283395;1286064;"<i>A fever took him.</i>"
193;1288835;1291136;"<i>I know he was like</i>
<i>a father to you.</i>"
194;1293939;1297208;"- <i>Your sister, the boy?</i>
- They both have their health,"
195;1297242;1299410;"<i>gods be good.</i>"
196;1309154;1312056;"The raven
brought more news..."
197;1313292;1315393;"The King rides
for Winterfell..."
198;1315428;1317128;"with the Queen"
199;1317163;1319297;"<i>and all the rest</i>
<i>of them.</i>"
200;1319332;1322601;"If he's coming
this far north..."
201;1323971;1326172;"There's only
one thing he's after."
202;1326206;1329242;"You can always say no, Ned."
203;1337952;1341689;"Catelyn:
We'll need plenty of candles
for Lord Tyrion's chamber."
204;1341723;1343657;"I'm told he reads
all night."
205;1343692;1345593;"I'm told he drinks
all night."
206;1345627;1348930;"How much could he possibly drink?
A man of his..."
207;1348964;1350731;"Stature?"
208;1350766;1353435;"We've brought up
eight barrels of ale from the cellar."
209;1353469;1356004;"- Perhaps we'll find out.
- In any case,"
210;1356038;1358707;"<i>candles.</i>"
211;1362813;1365882;"Why is your mother so dead set
on us getting pretty for the King?"
212;1365916;1368751;"It's for the Queen, I bet.
I hear she's a sleek bit of mink."
213;1368786;1370887;"I hear the prince
is a right royal prick."
214;1370921;1372955;"Think of all those
southern girls he gets to stab"
215;1372990;1374557;"with his right
royal prick."
216;1376325;1378460;"Go on, Tommy,
shear him good."
217;1378494;1380963;"He's never met a girl he likes better
than his own hair."
218;1380997;1383098;"<i>( Laughter )</i>"
219;1417868;1420736;"- <i>( Pup barks )</i>
- Gods, but they grow fast."
220;1423106;1424573;"Brandon!"
221;1424607;1427943;"I saw the king.
He's got hundreds of people."
222;1427977;1431180;"How many times
have I told you no climbing?"
223;1431214;1434082;"But he's coming right now--
down our road."
224;1440923;1443491;"I want you
to promise me,"
225;1443526;1445293;"no more climbing."
226;1449698;1451299;"I promise."
227;1453569;1456539;"- Do you know what?
- What?"
228;1456573;1458874;"You always look
at your feet before you lie."
229;1458909;1461510;"( Chuckles )"
230;1461545;1464914;"Run and find your father.
Tell him the King is close."
231;1509027;1512730;"Where's Arya?
Sansa, where's your sister?"
232;1522842;1524476;"- Hey hey hey hey.
- Ohh."
233;1524510;1526811;"What are you doing
with that on?"
234;1529614;1531750;"- Go on.
- ( Arya groans )"
235;1533052;1534853;"Move!"
236;1552404;1554572;"( Neighs )"
237;1616867;1618868;"Your Grace."
238;1622874;1624975;"You've got fat."
239;1631516;1633684;"( Laughter )"
240;1637054;1639689;"- Cat!
- Your Grace."
241;1642893;1645961;"Nine years-- why haven't I seen you?
Where the hell have you been?"
242;1645995;1647896;"Guarding the north
for you, your Grace."
243;1647931;1650700;"<i>Winterfell is yours.</i>"
244;1653737;1656173;"- Where's the imp?
- Will you shut up?"
245;1656207;1658909;"Robert:
Who have we here?"
246;1658943;1660711;"You must be Robb."
247;1663382;1667018;"My, you're
a pretty one."
248;1667053;1669020;"Your name is?"
249;1669054;1671622;"Arya."
250;1671657;1674693;"Oh, show us
your muscles."
251;1676462;1677963;"You'll be a soldier."
252;1680567;1683369;"Arya:
<i>That's Jaime Lannister,</i>
<i>the Queen's twin brother.</i>"
253;1683403;1685605;"Sansa:
<i>Would you please shut up?</i>"
254;1695048;1697249;"My Queen."
255;1697284;1698918;"My Queen."
256;1698953;1701154;"Take me to your crypt.
I want to pay my respects."
257;1701188;1703423;"We've been riding
for a month, my love."
258;1703457;1705158;"Surely the dead can wait."
259;1705193;1707160;"Ned."
260;1716336;1718137;"Where's the imp?"
261;1721507;1723541;"Where is our brother?"
262;1723575;1725776;"Go and find
the little beast."
263;1727880;1730314;"Tell me about
Jon Arryn."
264;1730348;1732983;"One minute
he was fine and then..."
265;1734219;1736954;"Burned right through him,
whatever it was."
266;1738156;1740091;"I loved that man."
267;1740125;1741459;"We both did."
268;1741493;1744729;"Robert:
He never had to teach
you much, but me?"
269;1744763;1745997;"You remember me at 16?"
270;1746031;1747966;"- ( Chuckles )
- All I wanted to do"
271;1748000;1750635;"was crack skulls
and fuck girls."
272;1750669;1753571;"- He showed me what was what.
- Aye."
273;1753605;1756941;"Don't look at me like that.
It's not his fault I didn't listen."
274;1760880;1763214;"I need you, Ned--"
275;1763249;1767152;"down at King's Landing, not up here
where you're no damn use to anybody."
276;1768688;1771556;"Lord Eddard Stark,"
277;1771591;1774192;"I would name you
the Hand of the King."
278;1778631;1780699;"I'm not worthy
of the honor."
279;1780733;1784470;"I'm not trying to honor you.
I'm trying to get you to run my kingdom"
280;1784504;1788040;"while I eat, drink and whore
my way to an early grave."
281;1788074;1790175;"Damn it, Ned, stand up."
282;1791444;1793613;"You helped me win
the iron throne,"
283;1793647;1795748;"now help me
keep the damn thing."
284;1796783;1798784;"We were meant
to rule together."
285;1798818;1802887;"If your sister had lived,
we'd have been bound by blood."
286;1802922;1805290;"Well, it's not too late."
287;1806692;1808627;"I have a son,
you have a daughter."
288;1810363;1812197;"We'll join our Houses."
289;1816369;1818905;"<i>( Woman moaning )</i>"
290;1828117;1831185;"( Moaning )"
291;1836191;1840161;"- <i>( Cup falls )</i>
- It is true what they say
about the northern girls."
292;1840196;1842731;"( Giggles )"
293;1848437;1850638;"Did you hear the King's
in Winterfell?"
294;1850672;1852607;"I did hear
something about that."
295;1852641;1854908;"And the Queen
and her twin brother."
296;1854943;1858078;"They say that <i>he</i> is the most
handsome man in the Seven Kingdoms."
297;1858112;1860246;"And the other brother?"
298;1860280;1863316;"- The Queen has two brothers?
- There's the pretty one,"
299;1863350;1866352;"and there's
the clever one."
300;1868221;1871257;"Mmm, I hear they
call him the imp."
301;1871292;1873359;"I hear he hates
that nickname."
302;1873393;1876629;"Oh?
I hear he's
more than earned it."
303;1876664;1879432;"I hear he's a drunken
little lecher,"
304;1879467;1881902;"prone to all manner
of perversions."
305;1881936;1883837;"Clever girl."
306;1885306;1887474;"We've been expecting you,
Lord Tyrion."
307;1888776;1890677;"Have you?"
308;1890711;1892579;"- Oh!
- Already?"
309;1894649;1897451;"The gods gave me
one blessing."
310;1897485;1899386;"( Door opens )"
311;1902256;1904858;"- Don't get up.
- My Lord."
312;1904892;1907227;"Should I explain to you
the meaning of a closed door"
313;1907261;1910998;"- in a whorehouse, brother?
- You have much to teach me, no doubt,"
314;1911032;1914668;"but our sister craves
your attention."
315;1914702;1916804;"She has odd cravings,
our sister."
316;1916838;1918972;"A family trait."
317;1919007;1921875;"Now the Starks are
feasting us at sundown."
318;1921910;1924111;"Don't leave me alone
with these people."
319;1924146;1926514;"<i>I'm sorry, I've begun</i>
<i>the feast a bit early.</i>"
320;1926548;1929917;"And this is the first
of many courses."
321;1929951;1932153;"I thought
you might say that."
322;1932187;1934588;"But since
we're short on time..."
323;1934622;1936523;"Come on, girls."
324;1936558;1939225;"( Giggling )"
325;1941595;1943897;"See you at sundown."
326;1943931;1946499;"Tyrion:
<i>Close the door!</i>"
327;1958647;1961649;"Did you have to bury her
in a place like this?"
328;1963386;1965687;"<i>She should be</i>
<i>on a hill somewhere</i>"
329;1965722;1968324;"with the sun
and the clouds above her."
330;1968358;1970326;"<i>She was my sister.</i>"
331;1970360;1973128;"This is where
she belongs."
332;1973163;1975698;"She belonged with me."
333;1981071;1984340;"In my dreams,
I kill him every night."
334;1985875;1988343;"It's done, your Grace."
335;1988378;1991013;"The Targaryens are gone."
336;1993016;1995317;"Not all of them."
337;1996819;1998754;"<i>( Gull cawing )</i>"
338;2006095;2008196;"Man:
<i>Daenerys!</i>"
339;2011267;2013134;"Daenerys."
340;2013169;2015203;"There's our bride-to-be."
341;2016105;2019240;"Look, a gift
from Illyrio."
342;2020309;2022076;"Touch it."
343;2022111;2024312;"Go on,
feel the fabric."
344;2028951;2031118;"Mmm."
345;2032286;2035089;"Isn't he a gracious host?"
346;2037259;2039294;"We've been his guests
for over a year"
347;2039328;2041296;"and he's never
asked us for anything."
348;2041330;2043065;"Illyrio's no fool."
349;2043099;2045434;"He knows I won't
forget my friends"
350;2045468;2047503;"when I come
into my throne."
351;2051640;2054308;"You still slouch."
352;2057946;2060347;"Let them see."
353;2062984;2065885;"You have
a woman's body now."
354;2068722;2070523;"( Sighs )"
355;2083436;2086405;"I need you to be
perfect today."
356;2087807;2089708;"Can you do that for me?"
357;2093113;2095815;"You don't want to wake
the dragon, do you?"
358;2097252;2098852;"No."
359;2105794;2108863;"When they write the history
of my reign, sweet sister,"
360;2108897;2111131;"they will say
it began today."
361;2134054;2136523;"It's too hot, my lady."
362;2147002;2149436;"<i>( Gulls cawing )</i>"
363;2157210;2159512;"Where is he?"
364;2159546;2162180;"The Dothraki are not known
for their punctuality."
365;2175395;2179566;"( Illyrio speaking Dothraki )
Athchomar chomakaan, Khal vezhven."
366;2179600;2181535;"May I present
my honored guests?"
367;2181569;2185273;"<i>Viserys</i>
<i>of House Targaryen,</i>"
368;2185307;2187008;"<i>the third of his name,</i>"
369;2187043;2190378;"<i>the rightful king of the Andals</i>
<i>and the first men,</i>"
370;2190412;2192146;"<i>and his sister</i>"
371;2192181;2194816;"<i>Daenerys</i>
<i>of House Targaryen.</i>"
372;2195818;2197686;"( Speaking Dothraki )"
373;2197720;2200188;"Do you see
how long his hair is?"
374;2200223;2202924;"<i>When Dothraki are</i>
<i>defeated in combat,</i>"
375;2202958;2206894;"<i>they cut off their braids</i>
<i>so the whole world can</i>
<i>see their shame.</i>"
376;2206928;2210897;"Khal Drogo has
never been defeated."
377;2212099;2213900;"He's a savage, of course,"
378;2213934;2216269;"<i>but one of the finest</i>
<i>killers alive.</i>"
379;2217538;2219672;"And you will be his Queen."
380;2219706;2222341;"Come forward, my dear."
381;2262415;2264083;"Where is he going?!"
382;2264117;2266652;"- The ceremony is over.
- But he didn't say anything."
383;2266687;2269121;"- Did he like her?
- Trust me, your Grace,"
384;2269156;2271657;"if he didn't like her,
we'd know."
385;2274661;2276929;"It won't be
long now."
386;2276963;2278864;"Soon you will cross
the Narrow Sea"
387;2278898;2281333;"and take back
your father's throne."
388;2281367;2284268;"The people
drink secret toasts"
389;2284303;2286003;"to your health."
390;2286037;2288372;"They cry out
for their true king."
391;2291977;2293845;"When will they
be married?"
392;2293879;2297416;"Soon.
The Dothraki never stay still for long."
393;2297450;2299985;"Is it true they lie
with their horses?"
394;2300020;2303089;"I wouldn't ask
Khal Drogo."
395;2303124;2304991;"Do you take me
for a fool?"
396;2305025;2306860;"I take you
for a King."
397;2306894;2310097;"Kings lack the caution
of common men."
398;2310131;2312499;"My apologies if
I've given offense."
399;2312533;2314902;"I know how to play
a man like Drogo."
400;2314936;2317838;"I give him a Queen
and he gives me an army."
401;2317873;2320742;"I don't want
to be his Queen."
402;2325115;2327217;"I want to go home."
403;2328118;2329585;"So do I."
404;2329620;2332755;"I want us both
to go home,"
405;2332790;2335090;"but they took it from us."
406;2335125;2336892;"So tell me, sweet sister,"
407;2336927;2339128;"how do we go home?"
408;2340964;2342531;"I don't know."
409;2342566;2345568;"We go home with an army."
410;2347204;2350406;"With Khal Drogo's army."
411;2350441;2353443;"I would let
his whole tribe fuck you--"
412;2353477;2356680;"all 40,000 men
and their horses too"
413;2356714;2358582;"if that's what it took."
414;2365056;2367290;"( Kisses )"
415;2375698;2378133;"Do you think Joffrey
will like me?"
416;2378167;2380702;"What if he thinks
I'm ugly?"
417;2380737;2384407;"Then he is the stupidest prince
that ever lived."
418;2386743;2389311;"He's so handsome."
419;2389346;2392047;"When would we be married?
Soon? Or do we have to wait?"
420;2392082;2395184;"Hush now.
Your father hasn't even said yes."
421;2395218;2397052;"Why would he say no?"
422;2397087;2400356;"He'd be the second most powerful man
in the kingdoms."
423;2400390;2402958;"He'd have to leave home."
424;2402993;2405928;"He'd have to leave me."
425;2405962;2408965;"And so would you."
426;2408999;2411600;"You left your home
to come here."
427;2411635;2414436;"And I'd be Queen someday."
428;2415505;2417073;"Please make father
say yes!"
429;2417107;2418974;"- Sansa--
- Please please!"
430;2419008;2421944;"It's the only thing
I ever wanted."
431;2425782;2428584;"<i>( Music playing,</i>
<i>people chattering )</i>"
432;2432222;2434156;"( Laughter )"
433;2435659;2437927;"Fill that up!
Boys, Rodrik, come on."
434;2437961;2440229;"<i>Come on!</i>"
435;2458715;2461483;"Is he dead yet?"
436;2465255;2467723;"Uncle Benjen."
437;2467758;2469525;"( Laughs )"
438;2469560;2472028;"You got bigger."
439;2472063;2475966;"Rode all day.
Didn't want to leave you
alone with the Lannisters."
440;2476000;2477935;"Why aren't you
at the feast?"
441;2477970;2481005;"Lady Stark thought
it might insult the royal family"
442;2481040;2483241;"to seat a bastard
in their midst."
443;2483276;2485978;"Well, you're always
welcome on the wall."
444;2486012;2488213;"No bastard was ever
refused a seat there."
445;2488248;2489948;"So take me with you
when you go back."
446;2489983;2492851;"- Jon--
- Father will let me if you ask him."
447;2492885;2495086;"I know he will."
448;2497556;2499790;"The wall isn't
going anywhere."
449;2499825;2501158;"I'm ready"
450;2501192;2502526;"to swear your oath."
451;2502560;2505262;"You don't understand
what you'd be giving up."
452;2505296;2507764;"We have no families."
453;2507798;2511135;"- None of us will ever father sons--
- I don't care about that!"
454;2512337;2514805;"You might, if you knew
what it meant."
455;2516442;2518076;"<i>( Rattles )</i>"
456;2518110;2520345;"I'd better get inside,"
457;2520379;2523048;"rescue your father
from his guests."
458;2526019;2528087;"We'll talk later."
459;2535928;2538729;"Tyrion:
<i>Your Uncle's in</i>
<i>The Night's Watch.</i>"
460;2541700;2544034;"What are you doing
back there?"
461;2544069;2547237;"Preparing for a night
with your family."
462;2551709;2553810;"I've always wanted
to see the wall."
463;2553844;2555579;"You're Tyrion Lannister,"
464;2555613;2557214;"the Queen's brother?"
465;2557248;2559449;"My greatest
accomplishment."
466;2559484;2563253;"And you-- you're Ned Stark's
bastard, aren't you?"
467;2566657;2568892;"Did I offend you?
Sorry."
468;2570861;2573463;"You are
the bastard though."
469;2574698;2577100;"<i>Lord Eddard Stark</i>
<i>is my father.</i>"
470;2578469;2580970;"And Lady Stark
is not your mother,"
471;2581004;2583272;"making you the bastard."
472;2585475;2588277;"Let me give you
some advice, bastard."
473;2589445;2591246;"Never forget
what you are."
474;2591281;2593215;"The rest of the world
will not."
475;2593249;2595818;"Wear it like armor"
476;2595853;2598388;"and it can never
be used to hurt you."
477;2600024;2603027;"What the hell do you know about
being a bastard?"
478;2604329;2607732;"All dwarves are bastards
in their father's eyes."
479;2623216;2626018;"( Music playing,
chattering )"
480;2629222;2633592;"You at a feast--
it's like a bear in a trap."
481;2635428;2637762;"The boy I beheaded--"
482;2637797;2640365;"- did you know him?
- Of course I did."
483;2640399;2642501;"Just a lad."
484;2642535;2644269;"And he was tough, Ned,"
485;2644303;2646071;"a true ranger."
486;2646105;2649575;"Pfft.
He was talking madness."
487;2650744;2652979;"Said the Walkers
slaughtered his friends."
488;2653013;2655581;"The two he was with
are still missing."
489;2657250;2660419;"Hmph.
A wildling ambush."
490;2660453;2662087;"Maybe."
491;2662121;2665657;"Direwolves
south of the wall,"
492;2665692;2668193;"talk of The Walkers,"
493;2668227;2670829;"and my brother might be
the next Hand of the King."
494;2670863;2674132;"Winter <i>is</i> coming."
495;2675635;2677535;"Winter is coming."
496;2677570;2679037;"( Chuckles )"
497;2679071;2682006;"- Uncle Benjen.
- Robb boy."
498;2682040;2683641;"- How are you?
- I'm good."
499;2683675;2686043;"( Laughter )"
500;2687346;2689580;"Is this your first time
in the north, your Grace?"
501;2689615;2692751;"Yes.
Lovely country."
502;2696457;2699859;"I'm sure it's very grim
after King's Landing."
503;2701129;2703230;"I remember how scared I was
when Ned brought me"
504;2703264;2705499;"up here
for the first time."
505;2707635;2709369;"Hello, little dove."
506;2710571;2712739;"But you are a beauty."
507;2712773;2714874;"- How old are you?
- 13, your Grace."
508;2714909;2717643;"You're tall.
Still growing?"
509;2717678;2719578;"I think so, your Grace."
510;2719613;2721847;"And have you bled yet?"
511;2726719;2728419;"No, your Grace."
512;2729789;2731957;"Your dress,
did you make it?"
513;2733259;2736595;"Such a talent.
You must make something for me."
514;2738365;2741467;"I hear we might share
a grandchild someday."
515;2741502;2743737;"I hear the same."
516;2743771;2745839;"Your daughter will
do well in the capital."
517;2745873;2749577;"Such a beauty shouldn't stay hidden
up here forever."
518;2765661;2768964;"- Your pardon.
- I hear we might be neighbors soon."
519;2768998;2770665;"- I hope it's true.
- Yes,"
520;2770700;2772567;"the King has honored me
with his offer."
521;2772601;2774102;"I'm sure we'll have
a tournament"
522;2774137;2776104;"to celebrate your new title--
if you accept."
523;2776139;2778341;"It would be good
to have you on the field."
524;2778375;2780543;"The competition
has become a bit stale."
525;2780577;2783313;"- I don't fight in tournaments.
- No?"
526;2783347;2784848;"Getting
a little old for it?"
527;2784882;2788519;"( Chuckles )
I don't fight
in tournaments"
528;2788553;2791054;"because when I fight
a man for real"
529;2791089;2793323;"I don't want him to know
what I can do."
530;2795159;2796959;"Well said."
531;2797994;2800929;"- ( Men laughing )
- Arya!"
532;2800963;2803565;"It's not funny!"
533;2803599;2806334;"<i>She always</i>
<i>does this.</i>"
534;2806368;2808236;"<i>This was</i>
<i>my favorite dress.</i>"
535;2808270;2811539;"She always does it
and it's not funny!"
536;2811574;2813508;"Robb:
Time for bed."
537;2814978;2816612;"( Groans )"
538;2824455;2827524;"Ned:
I'm a Northman."
539;2827558;2829960;"I belong here with you,
not down south"
540;2829994;2832496;"in that rats' nest
they call a capital."
541;2833531;2836265;"I <i>won't</i> let him
take you."
542;2837734;2840202;"The king
takes what he wants."
543;2840236;2842804;"( Huffs )
That's why he's King."
544;2844273;2847708;"I'll say,
"listen, fat man.""
545;2847743;2849076;"( Laughs )"
546;2849110;2851612;""You are not taking
my husband anywhere."
547;2851646;2854048;"He belongs to me now.""
548;2857753;2859754;"How did he get so fat?"
549;2859788;2862623;"He only stops eating
when it's time for a drink."
550;2864059;2865459;"<i>( Knocks )</i>"
551;2865493;2868262;"Man:
<i>It's Maester Luwin,</i>
<i>my Lord.</i>"
552;2869765;2872167;"Send him in."
553;2874003;2876171;"Pardon, my Lord,
my Lady."
554;2876206;2879041;"A rider in the night..."
555;2879075;2881177;"from your sister."
556;2888852;2891521;"- Stay.
- This was sent from the Eyrie."
557;2891555;2894090;"( Door closes )"
558;2897394;2899762;"What's she doing
at the Eyrie?"
559;2899796;2902431;"She hasn't been back there
since her wedding."
560;2910941;2912909;"What news?"
561;2914245;2917014;"<i>She's fled</i>
<i>the capital.</i>"
562;2919150;2921819;"She says Jon Arryn
was murdered."
563;2921854;2923822;"By the Lannisters."
564;2923856;2926625;"She says the King
is in danger."
565;2926659;2928928;"She's fresh widowed, Cat."
566;2928962;2930963;"She doesn't know
what she's saying."
567;2930997;2933499;"Lysa's head would be
on a spike right now"
568;2933533;2935701;"if the wrong people
had found that letter."
569;2935735;2938437;"Do you think she would
risk her life--"
570;2938471;2940105;"her son's life--"
571;2940139;2943609;"if she wasn't certain
her husband was murdered?"
572;2950752;2952652;"If this news is true"
573;2952686;2955689;"and the Lannisters
conspire against the throne,"
574;2955723;2959025;"who but you can
protect the King?"
575;2959060;2961261;"They murdered
the last Hand."
576;2961295;2963664;"Now you want Ned
to take the job?"
577;2963698;2965532;"The King rode
for a month"
578;2965567;2967601;"to ask for
Lord Stark's help."
579;2967635;2970270;"He's the only one
he trusts."
580;2971739;2974876;"You swore the King
an oath, my Lord."
581;2974910;2978011;"He's spent half his life
fighting Robert's wars."
582;2978046;2980547;"He owes him nothing."
583;2982383;2985485;"Your father and brother
rode south once"
584;2985519;2988387;"on a King's demand."
585;2990190;2992391;"A different time."
586;2993827;2995894;"A different King."
587;2999165;3001399;"( Drumming, clamoring )"
588;3022621;3024655;"( Hissing )"
589;3029761;3031895;"( Gasps )"
590;3048783;3051384;"<i>( Jeering calls,</i>
<i>drumming continues )</i>"
591;3056857;3058658;"When do I meet
with the Khal?"
592;3058693;3060560;"We need to begin
planning the invasion."
593;3060595;3063062;"If Khal Drogo has
promised you a crown,"
594;3063096;3065064;"- you shall have it.
- When?"
595;3065098;3067199;"When their omens
favor war."
596;3067233;3070502;"I piss on Dothraki omens."
597;3070537;3073773;"I've waited 17 years
to get my throne back."
598;3082951;3086120;"- <i>( Crowd ululating )</i>
- ( Grunting )"
599;3100535;3102837;"( Cheering )"
600;3113482;3115116;"<i>( Blades clang )</i>"
601;3124559;3125960;"( Screams )"
602;3133635;3135102;"A Dothraki wedding"
603;3135137;3138673;"without at least three deaths
is considered a dull affair."
604;3139942;3142310;"( Laughing )"
605;3151219;3153387;"<i>Jadi,</i>
<i>zhey jorah andahli!</i>"
606;3153422;3155289;"<i>Khal vezhven.</i>"
607;3161029;3164064;"A small gift,
for the new Khaleesi--"
608;3165300;3167602;"songs and histories
from the Seven Kingdoms."
609;3169304;3170704;"Thank you, Ser."
610;3172307;3175042;"Are you from my country?"
611;3175076;3177244;"Ser Jorah Mormont
of Bear Island."
612;3177279;3180013;"I served your father
for many years."
613;3180047;3183149;"Gods be good, I hope to always
serve the rightful King."
614;3206275;3208877;"Illyrio:
Dragon's eggs, Daenerys,"
615;3208912;3211881;"from the Shadow Lands
beyond Asshai."
616;3211915;3214950;"The ages have
turned them to stone,"
617;3214984;3217086;"but they will
always be beautiful."
618;3219223;3221525;"Thank you, Magister."
619;3289327;3291795;"She's beautiful."
620;3295867;3298235;"Ser Jorah,
I don't know how to say"
621;3298270;3300104;"thank you
in Dothraki."
622;3300139;3303074;"There is no word
for thank you in Dothraki."
623;3324162;3326163;"Make him happy."
624;3338610;3340911;"( Waves crashing )"
625;3385425;3387626;"- No.
- ( Sobs )"
626;3390663;3392831;"Do you know
the common tongue?"
627;3397270;3399304;"- <i>( Pin clanks )</i>
- No."
628;3403176;3405744;"Is "no" the only word
that you know?"
629;3406846;3408580;"<i>No.</i>"
630;3414120;3416288;"( Sobbing continues )"
631;3436876;3439110;"Rough night, imp?"
632;3439144;3441212;"If I get through this
without squirting"
633;3441247;3443648;"from one end or the other
it'll be a miracle."
634;3443682;3446050;"I didn't pick you
for a hunter."
635;3446084;3449186;"The greatest in the land--
my spear never misses."
636;3450388;3452957;"It's not hunting
if you pay for it."
637;3461099;3463367;"Are you as good
with a spear as you used to be?"
638;3463401;3465936;"No, but I'm still
better than you."
639;3465971;3467872;"( Laughs )"
640;3469007;3470874;"I know what I'm
putting you through."
641;3470909;3472910;"Thank you for saying yes."
642;3474345;3476780;"I only ask you
because I need you."
643;3477982;3479883;"You're a loyal friend."
644;3479918;3483220;"You hear me?
A <i>loyal friend.</i>"
645;3483255;3485055;"The last one I've got."
646;3486691;3488859;"- I hope I'll serve you well.
- You will."
647;3490394;3493330;"And I'll make sure you
don't look so fucking grim all the time."
648;3494598;3497034;"<i>Come on, boys,</i>
<i>let's go kill some boar!</i>"
649;3506978;3509146;"Come on, you."
650;3523696;3526065;"( Whines )"
651;3533940;3535607;"( Grunts )"
652;3539478;3541412;"( Soft barks )"
653;3547719;3550054;"<i>( Woman gasping )</i>"
654;3553692;3556327;"<i>( Moaning )</i>"
655;3565473;3568442;"( Grunting, moaning )"
656;3583457;3585991;"( Gasps )
Stop!"
657;3586026;3587893;"- Stop.
- ( Gasps )"
658;3592699;3594968;"Are you completely mad?"
659;3595002;3597904;"- He saw us.
- It's all right, it's all right."
660;3597938;3599806;"- It's all right.
- He saw us!"
661;3599840;3602109;"I heard you
the first time."
662;3603178;3604879;"( Whimpers )"
663;3606081;3608516;"Quite the little climber,
aren't you?"
664;3609652;3612587;"- How old are you, boy?
- 10."
665;3612621;3614321;"10."
666;3623030;3625532;"The things
I do for love."
667;3632206;3634874;"<i>( Theme music playing )</i>"
668;3634899;3638899;"== sync, corrected by <font color="#00ff00">elderman</font> =="
9999;500;2000;"<font color="#ffff00" size=14>www.tvsubtitles.net</font>"